Player,Pals Caught
Iori Shiromi,39190
Falcon,29442
Amaterasu,20886
üÖ≤üÜÅüÖ∏üÜÇüÖ≤üÖæüÖøüÜÇ,17846
Akaiyne,9525
Little-Devil,8365
Yuki,7328
ZephyrXenon,6745
Starlight,6684
ColleenBallsackinger,6344
Moon,5262
kyu,5172
JxRaser,5122
DjRafaS,4561
Lessien,4353
Sun,3886
Amanda Waller,3841
little_Darling,3757
Snow,3664
Shiroi,3599
Chronan,3081
ScarrFox,2851
Burn,2775
daven04,2612
M10iGod,2608
Bliss,2599
Cheugs,2533
LemonWarrior,2368
Deejay,2307
Laundry Lunatic,2255
Mr. Democritus,2214
War Doctor,2111
BarksAndGrowl,1903
Or Uh,1811
Stonely,1810
Bigode Grosso,1774
PabstErich,1710
Lethe,1668
Aku,1621
marjury,1552
‚ô°Gorgeous Remi‚ù§Ô∏è‚ù§Ô∏è‚ô°,1535
Rita,1512
Pretty,1385
Steelangela,1352
Ruby,1268
Baron,1244
Mokoto,1233
Jay,1186
Zeenobia,1179
Tunco,1167
Prac,1145
FireAngel,1110
Hector,1109
Sirkaution,1063
Sora,1035
BTRXx_RAGExX,1027
DuskDragon,980
BloodMooN,965
Pure,932
Nadziej,922
alicia,852
Life,848
Paola,817
Mur,798
ObsidianUchiha,786
Armagedoom,785
boardingdust735,774
Scorpio,752
Greedy,740
iNeo,725
Max,719
GOOse,718
Artemis,687
Nisse,685
Not an NPC,660
zartman98,642
mothman42069,637
Ïú†ÎçîÌôî,613
Vayansu,601
Sinag,596
ValiTheGreat,589
Blaze,583
Bonobon,576
Rocky,541
Nali,532
Shemy,517
lauon,506
Bulker,490
Ermorir,489
man,486
Tiggs,484
LIX,473
DXTR247,463
mimi,457
Lilith,444
Ysiana,441
Bigode Grosso,434
UrineJuice,427
D MAN INSANE,424
Donatello,420
Starry_Roses,419
yinsha,411
Maraya,398
you ate my beans ***,389
UND1SCLO5ED,383
FreestylerJan,382
Bodentien,378
Pamela,352
Taytay,324
EzNoob,311
Sinner Is Live,306
DeeDee,300
KAMMO,297
KillJoy,290
Akina,289
YisusReturn,285
Vader,276
Ozzi,259
jo√£o,255
LUC,255
sharkopaw,255
Bex,248
S4L Tripp,240
WolfKissed,240
Jala,232
Boboshwitz,232
Cary,229
yoiyami0,227
DeadlyRoses,222
Scapegoat,219
NikoTheHound,216
Drackana,211
Bonez,200
Xor,199
Trainer Reniart,196
Swoft,194
JhnJcbJglHmrSmtYT,193
rhynomcgrath,190
Wes,188
SpoiledSpoon,177
ChadwickTheSlayer,177
ADAM5455,174
LieutenantBriggs,174
Snowfox,172
Renjazz,172
TShiningOne,166
Cupcake,166
JakeySnakey,166
gg,165
Teerwenn,159
neock,159
bu77si,158
RaGaNa,154
Omega,151
God Spike,148
qayxswedc,146
Munch,144
ZIPO[H],143
Energy,142
jethro,141
XxpapaxX,141
Masha,138
Tofu,136
illis-D,136
Governor,131
LuluHonda,131
ShaDow,128
Trip,128
Rust+,127
Frosty,125
DAMONI0,125
Shadow,118
ShadowHunter,117
Cheshire,114
Kakarot,113
Havvoc,112
.GhostMan,109
Oreo,109
cnote1012,108
Jun,105
Scr3am1nf7ea,102
Big Bat,98
Verdelet,98
Druakz,89
Ky:te,88
Galaxia_Roses,85
MI–Ø–Ø√ò–Ø∆è,77
Asta,77
malshaaa,76
s4Dzik,76
DaddyOnCouch,75
lililililililililili,66
neotazman,66
Vesiereth,66
Burger,63
HannahGone,62
Cheech8367,61
BaRtola,60
Vanky,59
Superherobeccy,54
Garahad,54
Rque,52
Horatio,51
thic,50
Evv,49
Sadmoto,48
BigBootyJudy,48
cspotts93,48
Hsarlode,46
Kingorgi,46
MrBurgerbite,45
Nine,45
WhoIsDevab?,45
kswitch,45
Hallucin8,44
HappyStick,43
Bolmung,42
Maveric,41
DeadlySniper,41
borgar,41
Zeus,41
General Goddess,40
Kryloc,39
PinkSlime,37
Karitza,37
Vi4w4xk,37
Puyo,36
Blayze,36
AceHydras,36
TheLogan,36
Tayo,36
Theiion,36
‚ú™ blAck,35
Brock Ollie,32
Peekaboo,31
Mr.Beast but evil,30
Lifmunkman,30
danieldolan008,28
Berto,27
KP,26
Fantaxy,26
PLOP,26
Gannd,26
Wren,26
Prince,26
abc ez,25
David,24
joetopi,24
Lucky ,23
Lakari,23
neopet_nostalgia,22
Kai,22
Iapetus,22
‚òØMeekyman‚òØ,21
Wurdalak,21
Etumalam,21
UglyGrumpy,20
Ketchem,20
zPapayita,20
Liv4games,20
CrimsonCombatant,19
BAananbeater,19
noneko,19
Chaenda,19
MajinKenpachi,19
Enovy,18
EvilSmoke117,17
afkimblind,17
Banitzero,17
SUKAVLYAT,17
LeAFy,17
Guildshadow,16
B Banner,15
Ritoo,15
capella,15
Cakqwa,15
shayke223,15
Knyx,15
TheGreat20,14
DataBass,14
xXBeevisXx,13
SenpaiJacky,13
TimeGirl,13
LouK,13
MageMike,13
Beast,12
Ohiogrim,12
Skeletor,12
KarMaCR,12
Liberta,12
dmrduckone,12
Luy3,10
Oni Bunny,10
Floki,10
Cherry,10
Zoidberg,10
Seksebeast,10
Kazu,9
funchow,9
DeathScythe,9
Fillin,9
Xzert,9
Myymikuu,9
Dionisis Greece,9
Vidzo,9
Local Idiot,9
Killer_Jon_Yeet,8
ChaosAdams,8
ProphetRaheim,8
Francisco.,8
Max,8
Anacornia,8
Mixologist,8
avengerx7,8
Kai,8
Haustin,7
TinyFemboy,7
Faye,7
THE WO,7
Callipygian,7
Solstice,7
T.Tv-TitanFang58,7
Lour√£o,7
baldur,7
CapitateSnafu,7
My Puppy,6
Beau Pup,6
dardarful,6
oZ,6
abdo,6
Aelianas,6
‚Ä¢SŒûVŒûN¬∞,6
Slithiro,6
Maddrak,6
oosh,6
Tonny,6
SleepyConley,6
TrevvyKun,6
Bugb0y9,6
22 LR,6
TheOpenWorldGamer,6
JuneBelle,6
Teddy,5
luna,5
herakroz-TWITCH,5
Tobias,5
Shadow Rebel88,5
GREG,5
Rin,5
Yonny Blaze‚Ñ¢,5
ValueMenu,5
Mikael,5
peenus,5
Yori,5
Grimble,5
Bunny,5
NaDeNoVa,5
Kurai,5
slumkingmalc,5
dogman,4
Zopxe,4
SoulStealer,4
Mewing Shrek,4
Aelsius,4
CrismaU,4
da0 uf,4
morbidmoschidae,4
JuiceDeLaranja,4
deaf blind autistic,4
Î¨∏Ïñ¥Îì§Ïùò Ïôï,4
Nicole Richie,4
Jenny,4
The Black Flower,4
alexssosa09,4
POWDEMONIC,4
Carnage,4
DuzyZwis,4
SAUCE,4
Aly,4
Beefydoveety,4
Dnite13,4
RubyIsLove,4
Parrylord,4
Ladelle,4
Severyn,4
–°–∞–ø—Ñ–∏—Ä–∞,4
Raving Ryan,4
summervespa,3
[BC] Queen Boo,3
Ganja,3
Littlegreengnome,3
Ifrit,3
NoWeebsHere,3
nova620,3
Wish,3
jadax fluffington,3
ladiesman217,3
SnakeKamLTTV,3
Ascalon RK,3
Vehrym,3
Kaiser,3
Kirkybird,3
Shadow,3
BukRuRu,3
MythicalMayo,3
SmOk3o,3
VietNam Girl,3
Datandy,3
Poisonùó£ùóºùó∂ùòÄùóºùóª,3
Eldiora,3
Pashi,2
Missbhave,2
Aknot,2
ÈªèÊÄßÁâ©,2
MrsReckkzz,2
Caine,2
BLOODY_WET_JESUS,2
StepBro5oh,2
DankC4nnabis,2
@catalyn11@,2
Panda,2
LordChingusBingus,2
Sapeco,2
AzureNite,2
Jac,2
PossumVibez,2
Dunaria,2
‚ìÄ‚ìé‚ë¢‚í∫‚íΩ,2
XITADO E FEDENO,2
Portis321,2
Auf,2
RAZY,2
future alcoholic,2
Gramafon,2
AtoneVex1,2
MoosieToots,2
Pothole,2
Max,2
Kartal,2
kxdx42,2
DOYOULIKEMYSTK,2
Bill,2
Sneaky,2
Jane,2
Midas,2
Lotus,2
Twitch_Gafan1n,2
FrostyClown,2
Maki,2
FixTheCord,1
KingRuno,1
jasonshootrr,1
Reckkzz,1
Vyn,1
Mstir,1
Annoyed,1
Chiitan,1
Got2b1st,1
Keeper,1
Ultramaster,1
Slyconyers,1
TheGrimsComing4u,1
‚ìè‚í∫‚ìÉ‚Ñ¢,1
BigBadWolf,1
Hash,1
Nami,1
s1nkl3,1
Barbarrose,1
exorhunter,1
Preston136,1
RockNStone,1
Canuckaduck,1
I love Jisun,1
Espejo,1
eRextion,1
TolyikoTv,1
g3hunter,1
Smokin,1
‚ô°Ôº¨Ôº¨‚ô°,1
Shamura,1
Tyrone,1
404,1
Angler,1
zagent,1
Mystake,1
erick,1
BigBeardBob,1
jimm3ron,1
Zero,1
Ravyn1984,1
Crimson Purgatory,1
OMG_its_Keir,1
f0xii,1
xS4ntax,1
Iron_fox,1
6ArtemisFowl9,1
Makkusu,1
Caskets,1
BoxxNinj4,1
Balder,1
goku calvo,1
Claudia,1
Peaches,1
bandith,1
Fulkixander,1
Explodium,1
Raptor,1
eeks!,1
Tarrtarus,1
Pauzy,1
Originformegiratina,1
Maxikei,1
Mr_Dynamite99,1
i like me...women...,1
WindowsXPSux,1
KriegEternal,1
Moxie,0
Aria Montgomery,0
jcjc112,0
Irie,0
k3y0z,0
Pipermintpat,0
Punchmellow,0
¬†,0
2Âè∑,0
too,0
LacedUp,0
Madytiggs,0
Anubis,0
chickennuggets,0
maxiehe,0
Ithrael,0
Silver,0
Killka,0
ROMEO,0
Ryujin,0
Pikol,0
deivis407,0
123,0
Zakira132,0
Giovanni0712,0
Hunter,0
Ryoko,0
Crimsonfire,0
Quatermain,0
cheat engine hackers,0
CrazyHotPocket,0
Roomba,0
Tori,0
Mace,0
phiphi,0
BABEH,0
Antidote,0
-Rob,0
Champ,0
Luker47,0
kty,0
Shrimp,0
Harcaniel R,0
Antoshka,0
zCrownz,0
CheekMuncher69,0
MAZARAKI,0
Elluena,0
Yansait,0
Bibo,0
GoldBe,0
Mophie,0
Vazrog,0
Taira,0
iPae,0
Shaky,0
IO,0
Billy,0
BUZZK1LL_43,0
jeff,0
jojo,0
PurpleHaze9769,0
Sponkert,0
BigSlingin,0
mcgamer3ds,0
DIDNT SEE THAT COMIN,0
Funless,0
XcthulhuX,0
Billzera,0
bossanova,0
Nawar,0
mcdipples,0
Final Boss,0
123,0
NICK DORM,0
Ryuuktsu,0
SirSalamiThe21st,0
TheeDemiGoat,0
Maseko,0
Goblin,0
Lhotse,0
Fox_of_flames,0
Shalissa,0
Jay Tha Red,0
Vidal,0
a mistake,0
Chaos,0
Skyzo,0
789789,0
Harmy,0
bluuunT,0
Devilswork,0
Undenounced,0
Throbbing Dikcheese ,0
Alwayssecond,0
Publius,0
Taizumy,0
Kuuna,0
JxP,0
Schuyler,0
ÂêÉÊü†Ê™¨ÁöÑÈÖ±ÈÖ±,0
ÊùéÁøî‰∏´,0
Zenako Kiriota,0
teehee,0
.,0
ArgTan,0
Morgan,0
MaraSovsSavouryAss,0
Gorderu Lauft,0
Speedz,0
Bertil,0
uknowndepth,0
Humalien,0
Mintymush,0
rzz,0
TideCloud,0
Murky,0
vid___,0
Psyachyi,0
trashpanda,0
sinron,0
Jonny Law,0
spamton,0
Bering,0
I love Jason,0
banjo,0
RonxaS,0
Rikes,0
King,0
Dilynn02,0
ÊåΩÊ≠å,0
Finfin,0
ram pandu,0
zZzeddyzZz‚Ñ¢,0
PapaLucky3gg,0
Shanks,0
Moklayfs,0
Thotùì£ùì±ùì∏ùìΩ ùìñùì∏ùì≠,0
Jacob2.0,0
Ravi,0
FarbroPupp,0
Resta,0
kiramisu,0
MrrrKat,0
Ê∞£‰∏∏Áéã,0
keontereymond,0
Seth1000,0
CrowLawrence,0
The Gripster,0
Mr.X,0
Mr Mauser,0
DaWittleBrat,0
CloneSixOfNine,0
Samuraichef,0
FreeTP.Org,0
Mhugninn,0
Deformedclown,0
Omni,0
Noxorus,0
¬© Boko-Fox „ÉÖ,0
Nothing,0
Phatty Aciid,0
nikooo119,0
I-KILL-U,0
ADHDersGuideToGaming,0
EuMich,0
Koldhart,0
Zelakto,0
Rat,0
ÈæôÂÆù,0
claim3d,0
Keiikaii,0
Cojuiro,0
Ruka,0
Tim Ozman,0
TRUJILLO0880,0
John Stick,0
Shrub,0
Shy,0
CAAssassin,0
Ash Ketchum,0
Grizz,0
Kizama,0
Moira,0
Korin,0
InstructVS3,0
PapaVeri,0
Coolaudi,0
qx,0
Cosmic,0
XBaron,0
Prison,0
Suxim,0
nerra,0
Ena,0
Milfzilla,0
NoEyes,0
Dev,0
._Melan.choly._,0
Zeily,0
Royce Melbourne,0
SupaEggy,0
bot,0
lya,0
Toychico,0
MystiCosmo,0
MultiDollarChad,0
KhatarnaKhatri1,0
Shuuyus,0
DZAZTER,0
Gudako,0
C,0
Green Goblin,0
DMN2,0
garbagedigester,0
levi,0
Endbyte,0
YourFriendlyTank,0
CO$MO,0
Sindeas,0
Stuv,0
Âì•ÊñØÊãâ,0
FEAR666,0
DOOKIE,0
Enz,0
Super Small Man,0
Frii,0
Wolley,0
Tiermann,0
BoBesca,0
Queen Basilisk,0
trevin57,0
WhoIsDevab?,0
Another,0
Ryoku,0
treepop,0
katketch14,0
TelusSamsung,0
Diadox,0
Apothecary,0
OHoodiefreakO,0
Filents,0
ShinobiDrewski,0
Someday,0
lord,0
DonoftheDerps,0
realsafeer,0
Schnitzel,0
Bunny,0
asdff,0
DaRk,0
SRJplayGAMES,0
Super Elite,0
Lasnir,0
Graham,0
Infernal Guinea Pig,0
CroniKDragoN,0
Tayrin,0
TheCozmic1,0
Meowie,0
Donquavarius,0
Ozyorkbourne,0
Valac,0
@Â±éÂù®Âù®|ùîπùï¶ùï•ùï•üá´,0
memekiller,0
hehehaha,0
Jeff,0
OttoTG,0
Kam,0
Ezrog,0
Dawooderion,0
AnimoSuki,0
darky,0
Ê≥•„Éû„Ç∞,0
charliemeere7,0
Emie,0
MrMystery,0
Akiles,0
H4C,0
Echo,0
Atoms,0
Ìè≠ÌíçÍ∞ÑzI,0
nado1294,0
–ê–ª–µ–∫—Å          ,0
CobraBubble,0
Â∞èÈ±º,0
KooKoo42,0
See Kyle,0
Max-top,0
AK,0
FoxDX,0
Ceiling Fan,0
Xenix,0
Progchad,0
Î¨ºÏïΩÎèôÏù¥,0
ChangliMyWife,0
RedBean,0
Someone,0
Wiesiu,0
Mr_Goldberg,0
gogetta055,0
Beanzy,0
BassZach,0
Daddy Dirtbag,0
thatmechanicgirl,0
NotAlCapone,0
REYHANSH LEGEND,0
Vynlann,0
FalseBit,0
BombShellReaper,0
Kyu,0
Tabaluga,0
SilentGhost,0
Oceanio,0
MLGPopcorn,0
TheMastahbaitah,0
lolzorn,0
Blatz,0
Êµ¥ÁöáÂ§ßÂ∏ù„ÄÇ,0
Kitsunari,0
XamPer,0
Lynx,0
EQUINOXXXXX,0
Prezi,0
Celerium,0
blending,0
Obito,0
Zimiuz,0
Neos,0
brettboy555,0
Syd,0
Shhpaz,0
Ash,0
Negromantis,0
PEW PEW,0
Pst Rip,0
rossjenkinson24,0
J O Y,0
slurpee03,0
uru,0
bmonster,0
Hajmola,0
Risa,0
kypy3a,0
Mr_Insider,0
paco,0
Yuki,0
_xSh4rKc_,0
abaldwin6189,0
Discorrdia,0
strawberry,0
Quantum,0
Sweet Venom,0
AbledVolcano,0
Spynx,0
CatcherFath,0
gui_night,0
Snoobear,0
SogeJR,0
Doll,0
Delta_A,0
2013 HONDA CIVIC SI,0
Cranktat_Peacock,0
THE WALL,0
Shelly,0
Txiv Tsov,0
·¥±·¥∞ Bozoüß¢,0
mm,0
Eve,0
Ponta,0
Jarx158,0
TwiTwi,0
Kimori,0
Aya,0
Nemi,0
Buddy Palzord,0
Sofaking_White,0
PalBal,0
DeadCash,0
FreshJr,0
HeeroYuy,0
DixonCyder,0
NahNotMe,0
TATYANA,0
Franky,0
Fried Grits,0
–í–∞—Å–∏–ª–∏—á,0
Giuseppe,0
*Zeroskill*,0
LESNAR1997,0
Blunt Slut Bea,0
cn   no1,0
Barhatny,0
S3bas099,0
Detaeon,0
Paladin,0
PalMaster,0
Remdra,0
Pepsi,0
¬∞‚Ä¢.ƒ§√ÆÔªØ√µƒ∑√£.‚Ä¢¬∞,0
Slender Gurl,0
prxxston,0
2High2Cry,0
spice ice,0
Oreo,0
Dani,0
ProphetOfDoom05,0
WELOVEBANDITO,0
loser,0
Riku,0
OrangeGor,0
Âè∂Â∞èÂ∏å,0
ph,0
Onlysins,0
bonx,0
Snomy,0
Max Bashem,0
Alonse,0
owleluna,0
Crim,0
xFall0uT,0
Douwe1812,0
ske,0
‚ô°STEAMDECK‚ô°,0
Menoetius,0
agus,0
Cosmic-Trell,0
NankiraPC,0
GOOBAH,0
Kraudia ComK,0
Ghosty,0
Kitsunari,0
seujqm7fxeh,0
Ryomen Sukuna,0
337175004,0
barabylka,0
LostFaeth,0
Verchiel,0
Chopcroser,0
Ziz,0
Saz,0
Raine,0
Bash Ketchem,0
Leviathan,0
AlexTheGhoul,0
Aleiha,0
Thealmightybuddha,0
z,0
Moh82,0
big bot,0
PalT,0
Corvus,0
dlhowes11,0
Korndog,0
DySeen,0
Bakxin,0
Rheno,0
Brumbles,0
Syn,0
MateBorges,0
summer,0
Sharky,0
NorahkAxel,0
HENTAI,0
Sonova,0
L3viath8n,0
XXXOptimus,0
PiNTSiZETHRiLLA,0
Dr. Dic C Hocolate E,0
Henrei,0
Cure Decade,0
KolgaO,0
EnvyHeadMonbo,0
AesirOfOdin,0
Se7enSinS,0
GameCrash,0
SouleBunny,0
critter,0
GamerMD,0
Â≤©‰∏éÊµ∑,0
TemnyZlo,0
Vismutti,0
mot,0
Jokole,0
